Date,Time,Para-001,Para-002,Para-003,Para-004,Para-005,Para-006,Para-007,Para-008,Para-009,Para-010,Para-011,Para-012,Para-013,Para-014,Para-015,Para-016,Para-017,Para-018
01/03/2020,00:00:00,0,0,0,0,0,0,0,0,0,0,0,0,0,0,0,0,0,0
01/03/2020,00:05:00,206,428,0,0,468,0,0,0,0,0,0,0,0,0,0,0,0,3
01/03/2020,00:10:00,415,861,0,0,942,0,0,0,0,0,0,0,0,0,0,0,0,6
01/03/2020,00:15:00,622,1292,0,0,1412,0,0,0,0,0,0,0,0,0,0,0,0,9
01/03/2020,00:20:00,830,1723,0,0,1883,0,0,0,0,0,0,0,0,0,0,0,0,12
01/03/2020,00:25:00,1037,2153,0,0,2354,0,0,0,0,0,0,0,0,0,0,0,0,15
01/03/2020,00:30:00,1245,2584,0,0,2825,0,0,0,0,0,0,0,0,0,0,0,0,18
01/03/2020,00:35:00,1452,3015,166,468,3296,245666,0,0,428,0,0,0,1689,245666,5165,0,5455,23
01/03/2020,00:40:00,1660,3446,334,942,3301,250511,0,0,861,0,0,0,1765,250511,5167,0,5457,28
01/03/2020,00:45:00,1867,3877,501,1412,3307,247541,0,0,1292,0,0,0,1803,247541,5189,0,5479,33
01/03/2020,00:50:00,2075,4308,668,1883,3298,249781,0,0,1723,0,0,0,1780,249781,5210,0,5500,38
01/03/2020,00:55:00,2282,4739,835,2354,3304,250719,0,0,2153,0,0,0,1820,250719,5225,0,5515,43
01/03/2020,01:00:00,2490,5170,1002,2825,3295,245666,0,0,2584,0,0,0,1802,245666,5198,0,5488,48
01/03/2020,01:05:00,2697,5601,1169,3296,3300,247255,0,0,3015,0,0,0,1790,247255,5208,0,5498,53
01/03/2020,01:10:00,2905,6032,1336,3767,3297,244416,0,0,3446,0,0,0,1786,244416,5211,0,5501,58
01/03/2020,01:15:00,3112,6462,1503,4238,3308,246789,0,0,3877,0,0,0,1807,246789,5206,0,5496,63
01/03/2020,01:20:00,3320,6893,1670,4709,3296,249162,0,0,4308,0,0,0,1816,249162,5199,0,5489,68
01/03/2020,01:25:00,3527,7324,1837,5180,3301,251535,0,0,4739,0,0,0,1801,251535,5206,0,5496,73
01/03/2020,01:30:00,3735,7755,2004,5651,3307,245666,0,0,5170,0,0,0,1809,245666,5195,0,5485,78
01/03/2020,01:35:00,3942,8186,2171,6122,3298,250511,0,0,5601,0,0,0,1689,250511,5209,0,5499,83
01/03/2020,01:40:00,4150,8617,2338,6593,3304,247541,0,0,6032,0,0,0,1765,247541,5165,0,5455,88
01/03/2020,01:45:00,4357,9048,2505,7064,3295,249781,0,0,6462,0,0,0,1803,249781,5167,0,5457,93
01/03/2020,01:50:00,4565,9479,2672,7535,3300,250719,0,0,6893,0,0,0,1780,250719,5189,0,5479,98
01/03/2020,01:55:00,4772,9910,2839,8006,3297,245666,0,0,7324,0,0,0,1820,245666,5210,0,5500,103
01/03/2020,02:00:00,4980,10341,3006,8477,3308,247255,0,0,7755,0,0,0,1802,247255,5225,0,5515,108
01/03/2020,02:05:00,5187,10771,3173,8948,3296,244416,0,0,8186,0,0,0,1790,244416,5198,0,5488,113
01/03/2020,02:10:00,5395,11202,3340,9419,3301,246789,0,0,8617,0,0,0,1786,246789,5208,0,5498,118
01/03/2020,02:15:00,5602,11633,3507,9890,3307,249162,0,0,9048,0,0,0,1807,249162,5211,0,5501,123
01/03/2020,02:20:00,5810,12064,3674,10361,3298,251535,0,0,9479,0,0,0,1816,251535,5206,0,5496,128
01/03/2020,02:25:00,6017,12495,3841,10832,3304,245666,0,0,9910,0,0,0,1801,245666,5199,0,5489,133
01/03/2020,02:30:00,6225,12926,4008,11303,3295,250511,0,0,10341,0,0,0,1809,250511,5206,0,5496,138
01/03/2020,02:35:00,6432,13357,4175,11774,3300,247541,51,1689,10771,51,3,166,1689,247541,5195,550,5485,145
01/03/2020,02:40:00,6640,13788,4342,12245,3297,249781,54,1765,11202,105,4,334,1765,249781,5209,545,5499,152
01/03/2020,02:45:00,6847,14219,4509,12716,3308,250719,49,1803,11633,157,7,501,1803,250719,5165,556,5455,159
01/03/2020,02:50:00,7055,14650,4676,13187,3296,245666,47,1780,12064,214,9,668,1780,245666,5167,548,5457,166
01/03/2020,02:55:00,7262,15080,4843,13658,3301,247255,50,1820,12495,274,13,835,1820,247255,5189,554,5479,173
01/03/2020,03:00:00,7470,15511,5010,14129,3307,244416,52,1802,12926,330,18,1002,1802,244416,5210,551,5500,180
01/03/2020,03:05:00,7677,15942,5177,14600,3298,246789,50,1790,13357,388,21,1169,1790,246789,5225,546,5515,187
01/03/2020,03:10:00,7885,16373,5344,15071,3304,249162,49,1786,13788,440,25,1336,1786,249162,5198,549,5488,194
01/03/2020,03:15:00,8092,16804,5511,15542,3295,251535,47,1807,14219,496,27,1503,1807,251535,5208,552,5498,201
01/03/2020,03:20:00,8300,17235,5678,16013,3300,245666,50,1816,14650,552,30,1670,1816,245666,5211,547,5501,208
01/03/2020,03:25:00,8507,17666,5845,16484,3297,250511,52,1801,15080,607,34,1837,1801,250511,5206,550,5496,215
01/03/2020,03:30:00,8715,18097,6012,16955,3308,247541,48,1809,15511,663,37,2004,1809,247541,5199,545,5489,222
01/03/2020,03:35:00,8922,18528,6179,17426,3296,249781,51,1689,15942,719,40,2171,1689,249781,5206,556,5496,229
01/03/2020,03:40:00,9130,18959,6346,17897,3301,250719,54,1765,16373,774,43,2338,1765,250719,5195,548,5485,236
01/03/2020,03:45:00,9337,19389,6513,18368,3307,245666,49,1803,16804,830,47,2505,1803,245666,5209,554,5499,243
01/03/2020,03:50:00,9545,19820,6680,18839,3298,247255,47,1780,17235,886,50,2672,1780,247255,5165,551,5455,250
01/03/2020,03:55:00,9752,20251,6847,19310,3304,244416,50,1820,17666,941,53,2839,1820,244416,5167,546,5457,257
01/03/2020,04:00:00,9960,20682,7014,19781,3295,246789,52,1802,18097,997,56,3006,1802,246789,5189,549,5479,264
01/03/2020,04:05:00,10167,21113,7181,20252,3300,249162,50,1790,18528,1053,59,3173,1790,249162,5210,552,5500,271
01/03/2020,04:10:00,10375,21544,7348,20723,3297,251535,49,1786,18959,1108,63,3340,1786,251535,5225,547,5515,278
01/03/2020,04:15:00,10582,21975,7515,21194,3308,245666,47,1807,19389,1164,66,3507,1807,245666,5198,550,5488,285
01/03/2020,04:20:00,10790,22406,7682,21665,3296,250511,50,1816,19820,1219,69,3674,1816,250511,5208,545,5498,292
01/03/2020,04:25:00,10997,22837,7849,22136,3301,247541,52,1801,20251,1275,72,3841,1801,247541,5211,556,5501,299
01/03/2020,04:30:00,11205,23268,8016,22607,3307,249781,48,1809,20682,1331,76,4008,1809,249781,5206,548,5496,306
01/03/2020,04:35:00,11412,23698,8183,23078,3298,250719,51,1689,21113,1386,79,4175,1689,250719,5199,554,5489,313
01/03/2020,04:40:00,11620,24129,8350,23549,3304,245666,54,1765,21544,1442,82,4342,1765,245666,5206,551,5496,320
01/03/2020,04:45:00,11827,24560,8517,24020,3295,247255,49,1803,21975,1498,85,4509,1803,247255,5195,546,5485,327
01/03/2020,04:50:00,12035,24991,8684,24491,3300,244416,47,1780,22406,1553,89,4676,1780,244416,5209,549,5499,334
01/03/2020,04:55:00,12242,25422,8851,24962,3297,246789,50,1820,22837,1609,92,4843,1820,246789,5165,552,5455,341
01/03/2020,05:00:00,12450,25853,9018,25433,3308,249162,52,1802,23268,1665,95,5010,1802,249162,5167,547,5457,348
01/03/2020,05:05:00,12657,26284,9185,25904,3296,251535,50,1790,23698,1720,98,5177,1790,251535,5189,550,5479,355
01/03/2020,05:10:00,12865,26715,9352,26375,3301,245666,49,1786,24129,1776,102,5344,1786,245666,5210,545,5500,362
01/03/2020,05:15:00,13072,27146,9519,26846,3307,250511,47,1807,24560,1832,105,5511,1807,250511,5225,556,5515,369
01/03/2020,05:20:00,13280,27577,9686,27317,3298,247541,50,1816,24991,1887,108,5678,1816,247541,5198,548,5488,376
01/03/2020,05:25:00,13487,28007,9853,27788,3304,249781,52,1801,25422,1943,111,5845,1801,249781,5208,554,5498,383
01/03/2020,05:30:00,13695,28438,10020,28259,3295,250719,48,1809,25853,1999,115,6012,1809,250719,5211,551,5501,390
01/03/2020,05:35:00,13902,28869,10187,28730,3300,245666,51,1689,26284,2054,118,6179,1689,245666,5206,546,5496,397
01/03/2020,05:40:00,14110,29300,10354,29201,3297,247255,54,1765,26715,2110,121,6346,1765,247255,5199,549,5489,404
01/03/2020,05:45:00,14317,29731,10521,29672,3308,244416,49,1803,27146,2166,124,6513,1803,244416,5206,552,5496,411
01/03/2020,05:50:00,14525,30162,10688,30143,3296,246789,47,1780,27577,2221,128,6680,1780,246789,5195,547,5485,418
01/03/2020,05:55:00,14732,30593,10855,30614,3301,249162,50,1820,28007,2277,131,6847,1820,249162,5209,550,5499,425
01/03/2020,06:00:00,14940,31024,11022,31085,3307,251535,52,1802,28438,2333,134,7014,1802,251535,5165,545,5455,432
01/03/2020,06:05:00,15147,31455,11189,31556,3298,245666,50,1790,28869,2388,137,7181,1790,245666,5167,556,5457,439
01/03/2020,06:10:00,15355,31886,11356,32027,3304,250511,49,1786,29300,2444,141,7348,1786,250511,5189,548,5479,446
01/03/2020,06:15:00,15562,32316,11523,32498,3295,247541,47,1807,29731,2500,144,7515,1807,247541,5210,554,5500,453
01/03/2020,06:20:00,15770,32747,11690,32969,3300,249781,50,1816,30162,2555,147,7682,1816,249781,5225,551,5515,460
01/03/2020,06:25:00,15977,33178,11857,33440,3297,250719,52,1801,30593,2611,150,7849,1801,250719,5198,546,5488,467
01/03/2020,06:30:00,16185,33609,12024,33911,3308,245666,48,1809,31024,2667,154,8016,1809,245666,5208,549,5498,474
01/03/2020,06:35:00,16392,34040,12191,34382,3296,247255,51,1689,31455,2722,157,8183,1689,247255,5211,552,5501,481
01/03/2020,06:40:00,16600,34471,12358,34853,3301,244416,54,1765,31886,2778,160,8350,1765,244416,5206,547,5496,488
01/03/2020,06:45:00,16807,34902,12525,35324,3307,246789,49,1803,32316,2833,163,8517,1803,246789,5199,550,5489,495
01/03/2020,06:50:00,17015,35333,12692,35795,3298,249162,47,1780,32747,2889,166,8684,1780,249162,5206,545,5496,502
01/03/2020,06:55:00,17222,35764,12859,36266,3304,251535,50,1820,33178,2945,170,8851,1820,251535,5195,556,5485,509
01/03/2020,07:00:00,17430,36195,13026,36737,3295,245666,52,1802,33609,3000,173,9018,1802,245666,5209,548,5499,516
01/03/2020,07:05:00,17637,36625,13193,37208,3300,250511,50,1790,34040,3056,176,9185,1790,250511,5165,554,5455,523
01/03/2020,07:10:00,17845,37056,13360,37679,3297,247541,49,1786,34471,3112,179,9352,1786,247541,5167,551,5457,530
01/03/2020,07:15:00,18052,37487,13527,38150,3308,249781,47,1807,34902,3167,183,9519,1807,249781,5189,546,5479,537
01/03/2020,07:20:00,18260,37918,13694,38621,3296,250719,50,1816,35333,3223,186,9686,1816,250719,5210,549,5500,544
01/03/2020,07:25:00,18467,38349,13861,39092,3301,245666,52,1801,35764,3279,189,9853,1801,245666,5225,552,5515,551
01/03/2020,07:30:00,18675,38780,14028,39563,3307,247255,48,1809,36195,3334,192,10020,1809,247255,5198,547,5488,558
01/03/2020,07:35:00,18882,39211,14195,40034,3298,244416,51,1689,36625,3390,196,10187,1689,244416,5208,550,5498,565
01/03/2020,07:40:00,19090,39642,14362,40505,3304,246789,54,1765,37056,3446,199,10354,1765,246789,5211,545,5501,572
01/03/2020,07:45:00,19297,40073,14529,40976,3295,249162,49,1803,37487,3501,202,10521,1803,249162,5206,556,5496,579
01/03/2020,07:50:00,19505,40504,14696,41447,3300,251535,47,1780,37918,3557,205,10688,1780,251535,5199,548,5489,586
01/03/2020,07:55:00,19712,40934,14863,41918,3297,245666,50,1820,38349,3613,209,10855,1820,245666,5206,554,5496,593
01/03/2020,08:00:00,19920,41365,15030,42389,3308,250511,52,1802,38780,3668,212,11022,1802,250511,5195,551,5485,600
01/03/2020,08:05:00,20127,41796,15197,42860,3296,247541,50,1790,39211,3724,215,11189,1790,247541,5209,546,5499,607
01/03/2020,08:10:00,20335,42227,15364,43331,3301,249781,49,1786,39642,3780,218,11356,1786,249781,5165,549,5455,614
01/03/2020,08:15:00,20542,42658,15531,43802,3307,250719,47,1807,40073,3835,222,11523,1807,250719,5167,552,5457,621
01/03/2020,08:20:00,20750,43089,15698,44273,3298,245666,50,1816,40504,3891,225,11690,1816,245666,5189,547,5479,628
01/03/2020,08:25:00,20957,43520,15865,44744,3304,247255,52,1801,40934,3947,228,11857,1801,247255,5210,550,5500,635
01/03/2020,08:30:00,21165,43951,16032,45215,3295,244416,48,1809,41365,4002,231,12024,1809,244416,5225,545,5515,642
01/03/2020,08:35:00,21372,44382,16199,45686,3300,246789,51,1689,41796,4058,235,12191,1689,246789,5198,556,5488,649
01/03/2020,08:40:00,21580,44813,16366,46157,3297,249162,54,1765,42227,4114,238,12358,1765,249162,5208,548,5498,656
01/03/2020,08:45:00,21787,45243,16533,46628,3308,251535,49,1803,42658,4169,241,12525,1803,251535,5211,554,5501,663
01/03/2020,08:50:00,21995,45674,16700,47099,3296,245666,47,1780,43089,4225,244,12692,1780,245666,5206,551,5496,670
01/03/2020,08:55:00,22202,46105,16867,47570,3301,250511,50,1820,43520,4281,248,12859,1820,250511,5199,546,5489,677
01/03/2020,09:00:00,22410,46536,17034,48041,3307,247541,52,1802,43951,4336,251,13026,1802,247541,5206,549,5496,684
01/03/2020,09:05:00,22617,46967,17201,48512,3298,249781,50,1790,44382,4392,254,13193,1790,249781,5195,552,5485,691
01/03/2020,09:10:00,22825,47398,17368,48983,3304,250719,49,1786,44813,4447,257,13360,1786,250719,5209,547,5499,698
01/03/2020,09:15:00,23032,47829,17535,49454,3295,245666,47,1807,45243,4503,261,13527,1807,245666,5165,550,5455,705
01/03/2020,09:20:00,23240,48260,17702,49925,3300,247255,50,1816,45674,4559,264,13694,1816,247255,5167,545,5457,712
01/03/2020,09:25:00,23447,48691,17869,50396,3297,244416,52,1801,46105,4614,267,13861,1801,244416,5189,556,5479,719
01/03/2020,09:30:00,23655,49122,18036,50867,3308,246789,48,1809,46536,4670,270,14028,1809,246789,5210,548,5500,726
01/03/2020,09:35:00,23862,49552,18203,51338,3296,249162,51,1689,46967,4726,273,14195,1689,249162,5225,554,5515,733
01/03/2020,09:40:00,24070,49983,18370,51809,3301,251535,54,1765,47398,4781,277,14362,1765,251535,5198,551,5488,740
01/03/2020,09:45:00,24277,50414,18537,52280,3307,245666,49,1803,47829,4837,280,14529,1803,245666,5208,546,5498,747
01/03/2020,09:50:00,24485,50845,18704,52751,3298,250511,47,1780,48260,4893,283,14696,1780,250511,5211,549,5501,754
01/03/2020,09:55:00,24692,51276,18871,53222,3304,247541,50,1820,48691,4948,286,14863,1820,247541,5206,552,5496,761
01/03/2020,10:00:00,24900,51707,19038,53693,3295,249781,52,1802,49122,5004,290,15030,1802,249781,5199,547,5489,768
01/03/2020,10:05:00,25107,52138,19205,54164,3300,250719,50,1790,49552,5060,293,15197,1790,250719,5206,550,5496,775
01/03/2020,10:10:00,25315,52569,19372,54635,3297,245666,49,1786,49983,5115,296,15364,1786,245666,5195,545,5485,782
01/03/2020,10:15:00,25522,53000,19539,55106,3308,247255,47,1807,50414,5171,299,15531,1807,247255,5209,556,5499,789
01/03/2020,10:20:00,25730,53431,19706,55577,3296,244416,50,1816,50845,5227,303,15698,1816,244416,5165,548,5455,796
01/03/2020,10:25:00,25937,53861,19873,56048,3301,246789,52,1801,51276,5282,306,15865,1801,246789,5167,554,5457,803
01/03/2020,10:30:00,26145,54292,20040,56519,3307,249162,48,1809,51707,5338,309,16032,1809,249162,5189,551,5479,810
01/03/2020,10:35:00,26352,54723,20207,56990,3298,251535,51,1689,52138,5394,312,16199,1689,251535,5210,546,5500,817
01/03/2020,10:40:00,26560,55154,20374,57461,3304,245666,54,1765,52569,5449,316,16366,1765,245666,5225,549,5515,824
01/03/2020,10:45:00,26767,55585,20541,57932,3295,250511,49,1803,53000,5505,319,16533,1803,250511,5198,552,5488,831
01/03/2020,10:50:00,26975,56016,20708,58403,3300,247541,47,1780,53431,5561,322,16700,1780,247541,5208,547,5498,838
01/03/2020,10:55:00,27182,56447,20875,58874,3297,249781,50,1820,53861,5616,325,16867,1820,249781,5211,550,5501,845
01/03/2020,11:00:00,27390,56878,21042,59345,3308,250719,52,1802,54292,5672,329,17034,1802,250719,5206,545,5496,852
01/03/2020,11:05:00,27597,57309,21209,59816,3296,245666,50,1790,54723,5728,332,17201,1790,245666,5199,556,5489,859
01/03/2020,11:10:00,27805,57740,21376,60287,3301,247255,49,1786,55154,5783,335,17368,1786,247255,5206,548,5496,866
01/03/2020,11:15:00,28012,58170,21543,60758,3307,244416,47,1807,55585,5839,338,17535,1807,244416,5195,554,5485,873
01/03/2020,11:20:00,28220,58601,21710,61229,3298,246789,50,1816,56016,5894,342,17702,1816,246789,5209,551,5499,880
01/03/2020,11:25:00,28427,59032,21877,61700,3304,249162,52,1801,56447,5950,345,17869,1801,249162,5165,546,5455,887
01/03/2020,11:30:00,28635,59463,22044,62171,3295,251535,48,1809,56878,6006,348,18036,1809,251535,5167,549,5457,894
01/03/2020,11:35:00,28842,59894,22211,62642,3300,245666,51,1689,57309,6061,351,18203,1689,245666,5189,552,5479,901
01/03/2020,11:40:00,29050,60325,22378,63113,3297,250511,54,1765,57740,6117,355,18370,1765,250511,5210,547,5500,908
01/03/2020,11:45:00,29257,60756,22545,63584,3308,247541,49,1803,58170,6173,358,18537,1803,247541,5225,550,5515,915
01/03/2020,11:50:00,29465,61187,22712,64055,3296,249781,47,1780,58601,6228,361,18704,1780,249781,5198,545,5488,922
01/03/2020,11:55:00,29672,61618,22879,64526,3301,250719,50,1820,59032,6284,364,18871,1820,250719,5208,556,5498,929
01/03/2020,12:00:00,29880,62049,23046,64997,3307,245666,52,1802,59463,6340,368,19038,1802,245666,5211,548,5501,936
01/03/2020,12:05:00,30087,62479,23213,65468,3298,247255,50,1790,59894,6395,371,19205,1790,247255,5206,554,5496,943
01/03/2020,12:10:00,30295,62910,23380,65939,3304,244416,49,1786,60325,6451,374,19372,1786,244416,5199,551,5489,950
01/03/2020,12:15:00,30502,63341,23547,66410,3295,246789,47,1807,60756,6507,377,19539,1807,246789,5206,546,5496,957
01/03/2020,12:20:00,30710,63772,23714,66881,3300,249162,50,1816,61187,6562,380,19706,1816,249162,5195,549,5485,964
01/03/2020,12:25:00,30917,64203,23881,67352,3297,251535,52,1801,61618,6618,384,19873,1801,251535,5209,552,5499,971
01/03/2020,12:30:00,31125,64634,24048,67823,3308,245666,48,1809,62049,6674,387,20040,1809,245666,5165,547,5455,978
01/03/2020,12:35:00,31332,65065,24215,68294,3296,250511,51,1689,62479,6729,390,20207,1689,250511,5167,550,5457,985
01/03/2020,12:40:00,31540,65496,24382,68765,3301,247541,54,1765,62910,6785,393,20374,1765,247541,5189,545,5479,992
01/03/2020,12:45:00,31747,65927,24549,69236,3307,249781,49,1803,63341,6841,397,20541,1803,249781,5210,556,5500,999
01/03/2020,12:50:00,31955,66358,24716,69707,3298,250719,47,1780,63772,6896,400,20708,1780,250719,5225,548,5515,1006
01/03/2020,12:55:00,32162,66788,24883,70178,3304,245666,50,1820,64203,6952,403,20875,1820,245666,5198,554,5488,1013
01/03/2020,13:00:00,32370,67219,25050,70649,3295,247255,52,1802,64634,7008,406,21042,1802,247255,5208,551,5498,1020
01/03/2020,13:05:00,32577,67650,25217,71120,3300,244416,50,1790,65065,7063,410,21209,1790,244416,5211,546,5501,1027
01/03/2020,13:10:00,32785,68081,25384,71591,3297,246789,49,1786,65496,7119,413,21376,1786,246789,5206,549,5496,1034
01/03/2020,13:15:00,32992,68512,25551,72062,3308,249162,47,1807,65927,7175,416,21543,1807,249162,5199,552,5489,1041
01/03/2020,13:20:00,33200,68943,25718,72533,3296,251535,50,1816,66358,7230,419,21710,1816,251535,5206,547,5496,1048
01/03/2020,13:25:00,33407,69374,25885,73004,3301,245666,52,1801,66788,7286,423,21877,1801,245666,5195,550,5485,1055
01/03/2020,13:30:00,33615,69805,26052,73475,3307,250511,48,1809,67219,7342,426,22044,1809,250511,5209,545,5499,1062
01/03/2020,13:35:00,33822,70236,26219,73946,3298,247541,51,1689,67650,7397,429,22211,1689,247541,5165,556,5455,1069
01/03/2020,13:40:00,34030,70667,26386,74417,3304,249781,54,1765,68081,7453,432,22378,1765,249781,5167,548,5457,1076
01/03/2020,13:45:00,34237,71097,26553,74888,3295,250719,49,1803,68512,7508,436,22545,1803,250719,5189,554,5479,1083
01/03/2020,13:50:00,34445,71528,26720,75359,3300,245666,47,1780,68943,7564,439,22712,1780,245666,5210,551,5500,1090
01/03/2020,13:55:00,34652,71959,26887,75830,3297,247255,50,1820,69374,7620,442,22879,1820,247255,5225,546,5515,1097
01/03/2020,14:00:00,34860,72390,27054,76301,3308,244416,52,1802,69805,7675,445,23046,1802,244416,5198,549,5488,1104
01/03/2020,14:05:00,35067,72821,27221,76772,3296,246789,50,1790,70236,7731,449,23213,1790,246789,5208,552,5498,1111
01/03/2020,14:10:00,35275,73252,27388,77243,3301,249162,49,1786,70667,7787,452,23380,1786,249162,5211,547,5501,1118
01/03/2020,14:15:00,35482,73683,27555,77714,3307,251535,47,1807,71097,7842,455,23547,1807,251535,5206,550,5496,1125
01/03/2020,14:20:00,35690,74114,27722,78185,3298,245666,50,1816,71528,7898,458,23714,1816,245666,5199,545,5489,1132
01/03/2020,14:25:00,35897,74545,27889,78656,3304,250511,52,1801,71959,7954,462,23881,1801,250511,5206,556,5496,1139
01/03/2020,14:30:00,36105,74976,28056,79127,3295,247541,48,1809,72390,8009,465,24048,1809,247541,5195,548,5485,1146
01/03/2020,14:35:00,36312,75406,28223,79598,3300,249781,51,1689,72821,8065,468,24215,1689,249781,5209,554,5499,1153
01/03/2020,14:40:00,36520,75837,28390,80069,3297,250719,54,1765,73252,8121,471,24382,1765,250719,5165,551,5455,1160
01/03/2020,14:45:00,36727,76268,28557,80540,3308,245666,49,1803,73683,8176,475,24549,1803,245666,5167,546,5457,1167
01/03/2020,14:50:00,36935,76699,28724,81011,3296,247255,47,1780,74114,8232,478,24716,1780,247255,5189,549,5479,1174
01/03/2020,14:55:00,37142,77130,28891,81482,3301,244416,50,1820,74545,8288,481,24883,1820,244416,5210,552,5500,1181
01/03/2020,15:00:00,37350,77561,29058,81953,3307,246789,52,1802,74976,8343,484,25050,1802,246789,5225,547,5515,1188
01/03/2020,15:05:00,37557,77992,29225,82424,3298,249162,50,1790,75406,8399,487,25217,1790,249162,5198,550,5488,1195
01/03/2020,15:10:00,37765,78423,29392,82895,3304,251535,49,1786,75837,8455,491,25384,1786,251535,5208,545,5498,1202
01/03/2020,15:15:00,37972,78854,29559,83366,3295,245666,47,1807,76268,8510,494,25551,1807,245666,5211,556,5501,1209
01/03/2020,15:20:00,38180,79285,29726,83837,3300,250511,50,1816,76699,8566,497,25718,1816,250511,5206,548,5496,1216
01/03/2020,15:25:00,38387,79715,29893,84308,3297,247541,52,1801,77130,8622,500,25885,1801,247541,5199,554,5489,1223
01/03/2020,15:30:00,38595,80146,30060,84779,3308,249781,48,1809,77561,8677,504,26052,1809,249781,5206,551,5496,1230
01/03/2020,15:35:00,38802,80577,30227,85250,3296,250719,51,1689,77992,8733,507,26219,1689,250719,5195,546,5485,1237
01/03/2020,15:40:00,39010,81008,30394,85721,3301,245666,54,1765,78423,8789,510,26386,1765,245666,5209,549,5499,1244
01/03/2020,15:45:00,39217,81439,30561,86192,3307,247255,49,1803,78854,8844,513,26553,1803,247255,5165,552,5455,1251
01/03/2020,15:50:00,39425,81870,30728,86663,3298,244416,47,1780,79285,8900,517,26720,1780,244416,5167,547,5457,1258
01/03/2020,15:55:00,39632,82301,30895,87134,3304,246789,50,1820,79715,8956,520,26887,1820,246789,5189,550,5479,1265
01/03/2020,16:00:00,39840,82732,31062,87605,3295,249162,52,1802,80146,9011,523,27054,1802,249162,5210,545,5500,1272
01/03/2020,16:05:00,40047,83163,31229,88076,3300,251535,50,1790,80577,9067,526,27221,1790,251535,5225,556,5515,1279
01/03/2020,16:10:00,40255,83594,31396,88547,3297,245666,49,1786,81008,9122,530,27388,1786,245666,5198,548,5488,1286
01/03/2020,16:15:00,40462,84024,31563,89018,3308,250511,47,1807,81439,9178,533,27555,1807,250511,5208,554,5498,1293
01/03/2020,16:20:00,40670,84455,31730,89489,3296,247541,50,1816,81870,9234,536,27722,1816,247541,5211,551,5501,1300
01/03/2020,16:25:00,40877,84886,31897,89960,3301,249781,52,1801,82301,9289,539,27889,1801,249781,5206,546,5496,1307
01/03/2020,16:30:00,41085,85317,32064,90431,3307,250719,48,1809,82732,9345,543,28056,1809,250719,5199,549,5489,1314
01/03/2020,16:35:00,41292,85748,32231,90902,3298,245666,51,1689,83163,9401,546,28223,1689,245666,5206,552,5496,1321
01/03/2020,16:40:00,41500,86179,32398,91373,3304,247255,54,1765,83594,9456,549,28390,1765,247255,5195,547,5485,1328
01/03/2020,16:45:00,41707,86610,32565,91844,3295,244416,49,1803,84024,9512,552,28557,1803,244416,5209,550,5499,1335
01/03/2020,16:50:00,41915,87041,32732,92315,3300,246789,47,1780,84455,9568,556,28724,1780,246789,5165,545,5455,1342
01/03/2020,16:55:00,42122,87472,32899,92786,3297,249162,50,1820,84886,9623,559,28891,1820,249162,5167,556,5457,1349
01/03/2020,17:00:00,42330,87903,33066,93257,3308,251535,52,1802,85317,9679,562,29058,1802,251535,5189,548,5479,1356
01/03/2020,17:05:00,42537,88333,33233,93728,3296,245666,50,1790,85748,9735,565,29225,1790,245666,5210,554,5500,1363
01/03/2020,17:10:00,42745,88764,33400,94199,3301,250511,49,1786,86179,9790,569,29392,1786,250511,5225,551,5515,1370
01/03/2020,17:15:00,42952,89195,33567,94670,3307,247541,47,1807,86610,9846,572,29559,1807,247541,5198,546,5488,1377
01/03/2020,17:20:00,43160,89626,33734,95141,3298,249781,50,1816,87041,9902,575,29726,1816,249781,5208,549,5498,1384
01/03/2020,17:25:00,43367,90057,33901,95612,3304,250719,52,1801,87472,9957,578,29893,1801,250719,5211,552,5501,1391
01/03/2020,17:30:00,43575,90488,34068,96083,3295,245666,48,1809,87903,10013,582,30060,1809,245666,5206,547,5496,1398
01/03/2020,17:35:00,43782,90919,34235,96554,3300,247255,51,1689,88333,10069,585,30227,1689,247255,5199,550,5489,1405
01/03/2020,17:40:00,43990,91350,34402,97025,3297,244416,54,1765,88764,10124,588,30394,1765,244416,5206,545,5496,1412
01/03/2020,17:45:00,44197,91781,34569,97496,3308,246789,49,1803,89195,10180,591,30561,1803,246789,5195,556,5485,1419
01/03/2020,17:50:00,44405,92212,34736,97967,3296,249162,47,1780,89626,10236,594,30728,1780,249162,5209,548,5499,1426
01/03/2020,17:55:00,44612,92642,34903,98438,3301,251535,50,1820,90057,10291,598,30895,1820,251535,5165,554,5455,1433
01/03/2020,18:00:00,44820,93073,35070,98909,3307,245666,52,1802,90488,10347,601,31062,1802,245666,5167,551,5457,1440
01/03/2020,18:05:00,45027,93504,35237,99380,3298,250511,50,1790,90919,10403,604,31229,1790,250511,5189,546,5479,1447
01/03/2020,18:10:00,45235,93935,35404,99851,3304,247541,49,1786,91350,10458,607,31396,1786,247541,5210,549,5500,1454
01/03/2020,18:15:00,45442,94366,35571,100322,3295,249781,47,1807,91781,10514,611,31563,1807,249781,5225,552,5515,1461
01/03/2020,18:20:00,45650,94797,35738,100793,3300,250719,50,1816,92212,10569,614,31730,1816,250719,5198,547,5488,1468
01/03/2020,18:25:00,45857,95228,35905,101264,3297,245666,52,1801,92642,10625,617,31897,1801,245666,5208,550,5498,1475
01/03/2020,18:30:00,46065,95659,36072,101735,3308,247255,48,1809,93073,10681,620,32064,1809,247255,5211,545,5501,1482
01/03/2020,18:35:00,46272,96090,36239,102206,3296,244416,51,1689,93504,10736,624,32231,1689,244416,5206,556,5496,1489
01/03/2020,18:40:00,46480,96521,36406,102677,3301,246789,54,1765,93935,10792,627,32398,1765,246789,5199,548,5489,1496
01/03/2020,18:45:00,46687,96951,36573,103148,3307,249162,49,1803,94366,10848,630,32565,1803,249162,5206,554,5496,1503
01/03/2020,18:50:00,46895,97382,36740,103619,3298,251535,47,1780,94797,10903,633,32732,1780,251535,5195,551,5485,1510
01/03/2020,18:55:00,47102,97813,36907,104090,3304,245666,50,1820,95228,10959,637,32899,1820,245666,5209,546,5499,1517
01/03/2020,19:00:00,47310,98244,37074,104561,3295,250511,52,1802,95659,11015,640,33066,1802,250511,5165,549,5455,1524
01/03/2020,19:05:00,47517,98675,37241,105032,3300,247541,50,1790,96090,11070,643,33233,1790,247541,5167,552,5457,1531
01/03/2020,19:10:00,47725,99106,37408,105503,3297,249781,49,1786,96521,11126,646,33400,1786,249781,5189,547,5479,1538
01/03/2020,19:15:00,47932,99537,37575,105974,3308,250719,47,1807,96951,11182,650,33567,1807,250719,5210,550,5500,1545
01/03/2020,19:20:00,48140,99968,37742,106445,3296,245666,50,1816,97382,11237,653,33734,1816,245666,5225,545,5515,1552
01/03/2020,19:25:00,48347,100399,37909,106916,3301,247255,52,1801,97813,11293,656,33901,1801,247255,5198,556,5488,1559
01/03/2020,19:30:00,48555,100830,38076,107387,3307,244416,48,1809,98244,11349,659,34068,1809,244416,5208,548,5498,1566
01/03/2020,19:35:00,48762,101260,38243,107858,3298,246789,51,1689,98675,11404,663,34235,1689,246789,5211,554,5501,1573
01/03/2020,19:40:00,48970,101691,38410,108329,3304,249162,54,1765,99106,11460,666,34402,1765,249162,5206,551,5496,1580
01/03/2020,19:45:00,49177,102122,38577,108800,3295,251535,49,1803,99537,11516,669,34569,1803,251535,5199,546,5489,1587
01/03/2020,19:50:00,49385,102553,38744,109271,3300,245666,47,1780,99968,11571,672,34736,1780,245666,5206,549,5496,1594
01/03/2020,19:55:00,49592,102984,38911,109742,3297,250511,50,1820,100399,11627,676,34903,1820,250511,5195,552,5485,1601
01/03/2020,20:00:00,49800,103415,39078,110213,3308,247541,52,1802,100830,11683,679,35070,1802,247541,5209,547,5499,1608
01/03/2020,20:05:00,50007,103846,39245,110684,3296,249781,50,1790,101260,11738,682,35237,1790,249781,5165,550,5455,1615
01/03/2020,20:10:00,50215,104277,39412,111155,3301,250719,49,1786,101691,11794,685,35404,1786,250719,5167,545,5457,1622
01/03/2020,20:15:00,50422,104708,39579,111626,3307,245666,47,1807,102122,11850,689,35571,1807,245666,5189,556,5479,1629
01/03/2020,20:20:00,50630,105139,39746,112097,3298,247255,50,1816,102553,11905,692,35738,1816,247255,5210,548,5500,1636
01/03/2020,20:25:00,50837,105569,39913,112568,3304,244416,52,1801,102984,11961,695,35905,1801,244416,5225,554,5515,1643
01/03/2020,20:30:00,51045,106000,40080,113039,3295,246789,48,1809,103415,12017,698,36072,1809,246789,5198,551,5488,1650
01/03/2020,20:35:00,51252,106431,40247,113510,3300,249162,51,1689,103846,12072,701,36239,1689,249162,5208,546,5498,1657
01/03/2020,20:40:00,51460,106862,40414,113981,3297,251535,54,1765,104277,12128,705,36406,1765,251535,5211,549,5501,1664
01/03/2020,20:45:00,51667,107293,40581,114452,3308,245666,49,1803,104708,12183,708,36573,1803,245666,5206,552,5496,1671
01/03/2020,20:50:00,51875,107724,40748,114923,3296,250511,47,1780,105139,12239,711,36740,1780,250511,5199,547,5489,1678
01/03/2020,20:55:00,52082,108155,40915,115394,3301,247541,50,1820,105569,12295,714,36907,1820,247541,5206,550,5496,1685
01/03/2020,21:00:00,52290,108586,41082,115865,3307,249781,52,1802,106000,12350,718,37074,1802,249781,5195,545,5485,1692
01/03/2020,21:05:00,52497,109017,41249,116336,3298,250719,50,1790,106431,12406,721,37241,1790,250719,5209,556,5499,1699
01/03/2020,21:10:00,52705,109448,41416,116807,3304,245666,49,1786,106862,12462,724,37408,1786,245666,5165,548,5455,1706
01/03/2020,21:15:00,52912,109878,41583,117278,3295,247255,47,1807,107293,12517,727,37575,1807,247255,5167,554,5457,1713
01/03/2020,21:20:00,53120,110309,41750,117749,3300,244416,50,1816,107724,12573,731,37742,1816,244416,5189,551,5479,1720
01/03/2020,21:25:00,53327,110740,41917,118220,3297,246789,52,1801,108155,12629,734,37909,1801,246789,5210,546,5500,1727
01/03/2020,21:30:00,53535,111171,42084,118691,3308,249162,48,1809,108586,12684,737,38076,1809,249162,5225,549,5515,1734
01/03/2020,21:35:00,53742,111602,42251,119162,3296,251535,51,1689,109017,12740,740,38243,1689,251535,5198,552,5488,1741
01/03/2020,21:40:00,53950,112033,42418,119633,3301,245666,54,1765,109448,12796,744,38410,1816,245666,5208,547,5498,1748
01/03/2020,21:45:00,54157,112464,42585,120104,3307,250511,49,1803,109878,12851,747,38577,1801,250511,5211,550,5501,1755
01/03/2020,21:50:00,54365,112895,42752,120575,3298,247541,47,1780,110309,12907,750,38744,1809,247541,5206,545,5496,1762
01/03/2020,21:55:00,54572,113326,42919,121046,3304,249781,50,1820,110740,12963,753,38911,1689,249781,5199,556,5489,1769
01/03/2020,22:00:00,54780,113757,43086,121517,3295,250719,52,1802,111171,13018,757,39078,1765,250719,5206,548,5496,1776
01/03/2020,22:05:00,54987,114187,43253,121988,3300,245666,50,1790,111602,13074,760,39245,1803,245666,5195,554,5485,1783
01/03/2020,22:10:00,55195,114618,43420,122459,3297,247255,49,1786,112033,13130,763,39412,1780,247255,5209,551,5499,1790
01/03/2020,22:15:00,55402,115049,43587,122930,3308,244416,47,1807,112464,13185,766,39579,1820,244416,5165,546,5455,1797
01/03/2020,22:20:00,55610,115480,43754,123401,3296,246789,50,1816,112895,13241,770,39746,1802,246789,5167,549,5457,1804
01/03/2020,22:25:00,55817,115911,43921,123872,3301,249162,52,1801,113326,13297,773,39913,1790,249162,5189,552,5479,1811
01/03/2020,22:30:00,56025,116342,44088,124343,3307,251535,48,1809,113757,13352,776,40080,1786,251535,5210,547,5500,1818
01/03/2020,22:35:00,56232,116773,44255,124814,3298,245666,51,1689,114187,13408,779,40247,1807,245666,5225,550,5515,1825
01/03/2020,22:40:00,56440,117204,44422,125285,3304,247255,54,1765,114618,13464,783,40414,1816,247255,5198,545,5488,1832
01/03/2020,22:45:00,56647,117635,44589,125756,3295,244416,49,1803,115049,13519,786,40581,1801,244416,5208,556,5498,1839
01/03/2020,22:50:00,56855,118066,44756,126227,3300,246789,47,1780,115480,13575,789,40748,1809,246789,5211,548,5501,1846
01/03/2020,22:55:00,57062,118496,44923,126698,3297,249162,50,1820,115911,13631,792,40915,1689,249162,5206,554,5496,1853
01/03/2020,23:00:00,57270,118927,45090,127169,3308,251535,52,1802,116342,13686,796,41082,1765,251535,5199,551,5489,1860
01/03/2020,23:05:00,57477,119358,45257,127640,3296,245666,50,1790,116773,13742,799,41249,1803,245666,5206,546,5496,1867
01/03/2020,23:10:00,57685,119789,45424,128111,3301,250511,49,1786,117204,13797,802,41416,1780,250511,5195,549,5485,1874
01/03/2020,23:15:00,57892,120220,45591,128582,3307,247541,47,1807,117635,13853,805,41583,1820,247541,5209,552,5499,1881
01/03/2020,23:20:00,58100,120651,45758,129053,3298,249781,50,1816,118066,13909,808,41750,1802,249781,5165,547,5455,1888
01/03/2020,23:25:00,58307,121082,45925,129524,3304,250719,52,1801,118496,13964,812,41917,1790,250719,5167,550,5457,1895
01/03/2020,23:30:00,58515,121513,46092,129995,3295,245666,48,1809,118927,14020,815,42084,1786,245666,5189,545,5479,1902
01/03/2020,23:35:00,58722,121944,46259,130466,3300,247255,51,1689,119358,14076,818,42251,1807,247255,5210,556,5500,1909
01/03/2020,23:40:00,58930,122375,46426,130937,3297,244416,54,1816,119789,14131,821,42418,1816,244416,5225,548,5515,1916
01/03/2020,23:45:00,59137,122805,46593,131408,3308,246789,49,1801,120220,14187,825,42585,1801,246789,5198,554,5488,1923
01/03/2020,23:50:00,59345,123236,46760,131879,3296,249162,47,1809,120651,14243,828,42752,1809,249162,5208,551,5498,1930
01/03/2020,23:55:00,59552,123667,46927,132350,3301,251535,50,1689,121082,14298,831,42919,1689,251535,5211,546,5501,1937
,,,,,,,,,,,,,,,,,,,
